lead_hours,region_zone,regime,n,best_individual_test,best_individual_rmse_test,adaptive_rmse_test,issued_rmse_test,adaptive_gain_vs_best_pct,issued_gain_vs_best_pct,fallback_rate_pct,mean_hres_weight,mean_pangu_weight,mean_ens_weight
24,west_coast_or_western_india,normal,2900,Pangu,0.3145034909248352,0.3458944857120514,0.3145034909248352,-9.981127616392182,0.0,100.0,0.1633146168789604,0.6835966257110719,0.15308875740996758
24,west_coast_or_western_india,monsoon_background,1449,Pangu,0.3026110827922821,0.3175841271877289,0.3026110827922821,-4.947949776751748,0.0,100.0,0.141867022491094,0.7247871309408066,0.13334584656809928
24,west_coast_or_western_india,monsoon_transition_high_disagreement,15,Pangu,0.3767622709274292,0.37627318501472473,0.3767622709274292,0.12981286886836196,0.0,100.0,0.001071689319258108,0.9980877430316346,0.0008405676491071699
24,west_coast_or_western_india,post_monsoon_disturbed,4,Pangu,0.1662895381450653,0.16589824855327606,0.1662895381450653,0.2353061991476002,0.0,100.0,0.00018038860382181578,0.9996281525724519,0.00019145882372627874
24,east_coast_or_bay,normal,1452,Pangu,0.26405206322669983,0.2975877523422241,0.26405206322669983,-12.700407906577315,0.0,100.0,0.24825800397477282,0.5182005352182582,0.23354146080696908
24,east_coast_or_bay,monsoon_background,732,Pangu,0.24854707717895508,0.25266560912132263,0.24854707717895508,-1.6570429993035818,0.0,100.0,0.2452279539473902,0.5097770034495259,0.24499504260308386
24,northeast_or_east,normal,3872,Pangu,0.37805628776550293,0.3937811851501465,0.37805628776550293,-4.1594063882882,0.0,100.0,0.22105317121840812,0.5710626377997579,0.20788419098183403
24,northeast_or_east,monsoon_background,1927,Pangu,0.2998007535934448,0.29547375440597534,0.29547375440597534,1.4432916313937172,1.4432916313937172,0.0,0.2104161159432093,0.5739783927930678,0.21560549126372297
24,northeast_or_east,monsoon_transition_high_disagreement,25,Pangu,0.5968584418296814,0.5951509475708008,0.5968584418296814,0.2860802728443024,0.0,100.0,0.0008196117656372017,0.9983458518021766,0.0008345364321861909
24,northwest_or_gangetic,normal,1412,Pangu,0.463824987411499,0.48734012246131897,0.463824987411499,-5.069829286484229,0.0,100.0,0.09901661168729457,0.8255614360330045,0.07542195227970094
24,northwest_or_gangetic,monsoon_background,722,Pangu,0.47615090012550354,0.4866030812263489,0.47615090012550354,-2.1951404687233333,0.0,100.0,0.07105091444374119,0.867340122759177,0.06160896279708164
24,northwest_or_gangetic,monsoon_transition_high_disagreement,10,Pangu,0.6112173199653625,0.6045867204666138,0.6112173199653625,1.0848186532286919,0.0,100.0,0.0015223817593445056,0.9970592297773304,0.0014183884633250053
24,northwest_or_gangetic,pre_monsoon_heat,28,Pangu,0.440815806388855,0.41182082891464233,0.440815806388855,6.577572095642015,0.0,100.0,0.10802245884822935,0.8287741768178006,0.06320336433397002
24,northwest_or_gangetic,post_monsoon_disturbed,12,Pangu,0.32157206535339355,0.31782200932502747,0.32157206535339355,1.1661634925424713,0.0,100.0,0.0003498105066392812,0.9988426326375249,0.000807556855835727
24,himalayan_north,normal,4584,Pangu,0.7478784322738647,0.7356363534927368,0.7356363534927368,1.6369075845531267,1.6369075845531267,0.0,0.14088692093069077,0.7192912516316441,0.13982182743766525
24,himalayan_north,monsoon_background,2353,Pangu,0.6186772584915161,0.6135143041610718,0.6135143041610718,0.8345149687630116,0.8345149687630116,0.0,0.1709908982276228,0.7176931209595613,0.11131598081281588
24,himalayan_north,monsoon_transition_high_disagreement,87,Pangu,0.7882697582244873,0.7738630771636963,0.7738630771636963,1.8276333590725224,1.8276333590725224,0.0,0.06684416921442536,0.9223567362616408,0.010799094523933794
24,himalayan_north,pre_monsoon_heat,5,Pangu,0.4504494369029999,0.43270373344421387,0.43270373344421387,3.939555032146125,3.939555032146125,0.0,0.1380971115511495,0.7541408976059034,0.10776199084294699
24,himalayan_north,post_monsoon_disturbed,251,Pangu,0.7879500389099121,0.8903063535690308,0.8903063535690308,-12.990203642952203,-12.990203642952203,0.0,0.0017019963990471967,0.7189272449590491,0.27937075864190364
72,west_coast_or_western_india,normal,2875,Pangu,0.5417186617851257,0.5639399290084839,0.5417186617851257,-4.101994040621082,0.0,100.0,0.20678283422271432,0.6059166896961915,0.1873004760810942
72,west_coast_or_western_india,monsoon_background,1461,Pangu,0.5208802223205566,0.5549184679985046,0.5208802223205566,-6.534754866734094,0.0,100.0,0.18147283389382476,0.6427522224543435,0.17577494365183177
72,west_coast_or_western_india,monsoon_transition_high_disagreement,3,Pangu,0.8601717352867126,0.21085095405578613,0.8601717352867126,75.48734218923094,0.0,100.0,0.053109065578500515,0.8158879293631897,0.1310030050583097
72,west_coast_or_western_india,post_monsoon_disturbed,5,Pangu,0.24926243722438812,0.2495136708021164,0.24926243722438812,-0.10079078922835549,0.0,100.0,0.00018067835327241916,0.999623437297325,0.00019588434940270936
72,east_coast_or_bay,normal,1440,Pangu,0.452079713344574,0.4425848424434662,0.452079713344574,2.1002647588105328,0.0,100.0,0.2756086379280187,0.46561315535734854,0.25877820671463275
72,east_coast_or_bay,monsoon_background,732,Pangu,0.4037107527256012,0.4113820195198059,0.4037107527256012,-1.900188870970898,0.0,100.0,0.27654926483382153,0.44887922055945756,0.27457151460672097
72,northeast_or_east,normal,3839,Pangu,0.5742495656013489,0.5841109752655029,0.5742495656013489,-1.7172689810966313,0.0,100.0,0.2395562596905749,0.535035606552915,0.22540813375651003
72,northeast_or_east,monsoon_background,1947,Pangu,0.46967506408691406,0.47806283831596375,0.47806283831596375,-1.7858674795427243,-1.7858674795427243,0.0,0.21718731501256314,0.5507646862089164,0.2320479987785205
72,northeast_or_east,monsoon_transition_high_disagreement,5,Pangu,0.8361740708351135,0.8401047587394714,0.8361740708351135,-0.4700800995218968,0.0,100.0,0.001266793855524708,0.9976310197302635,0.0011021864142118196
72,northeast_or_east,post_monsoon_disturbed,1,Pangu,0.395904541015625,0.3971996307373047,0.395904541015625,-0.3271217143297589,0.0,100.0,0.00023699916755477957,0.9995791867870117,0.00018381404543363456
72,northwest_or_gangetic,normal,1379,Pangu,0.7988304495811462,0.798081636428833,0.7988304495811462,0.09373868418584008,0.0,100.0,0.13808312514196486,0.7654568015445324,0.09646007331350269
72,northwest_or_gangetic,monsoon_background,723,Pangu,0.7993348836898804,0.8018851280212402,0.8018851280212402,-0.31904579462207483,-0.31904579462207483,0.0,0.14690683110847091,0.7185323406697727,0.13456082822175647
72,northwest_or_gangetic,monsoon_transition_high_disagreement,9,Pangu,1.7009761333465576,1.3813656568527222,1.7009761333465576,18.789827219093493,0.0,100.0,0.021350399676753794,0.9133949851653609,0.06525461515788532
72,northwest_or_gangetic,pre_monsoon_heat,28,Pangu,0.5348333716392517,0.5756320357322693,0.5348333716392517,-7.628294391572954,0.0,100.0,0.20876026805106243,0.6811700362855037,0.11006969566343401
72,northwest_or_gangetic,post_monsoon_disturbed,33,Pangu,0.5203913450241089,0.5163875818252563,0.5203913450241089,0.7693754396831953,0.0,100.0,0.0006101730694377792,0.9984495095940368,0.0009403173365253218
72,himalayan_north,normal,4560,Pangu,1.122197151184082,1.0232197046279907,1.0232197046279907,8.81996950817917,8.81996950817917,0.0,0.1758331906315461,0.6460732541713288,0.17809355519712514
72,himalayan_north,monsoon_background,2298,Pangu,0.8586577773094177,0.8384952545166016,0.8384952545166016,2.3481441996594854,2.3481441996594854,0.0,0.23208130007397532,0.6095232952660881,0.1583954046599365
72,himalayan_north,monsoon_transition_high_disagreement,142,Pangu,1.2531474828720093,1.1274025440216064,1.1274025440216064,10.03432880559405,10.03432880559405,0.0,0.16329989700449854,0.8018751785692827,0.03482492442621866
72,himalayan_north,pre_monsoon_heat,5,Pangu,0.5062559247016907,0.5967576503753662,0.5967576503753662,-17.876674870916975,-17.876674870916975,0.0,0.201228218172906,0.5931365774921443,0.2056352043349497
72,himalayan_north,post_monsoon_disturbed,235,Pangu,1.5190508365631104,1.303088903427124,1.303088903427124,14.216899654563598,14.216899654563598,0.0,0.05149626583764154,0.5057164570906715,0.44278727707168714
120,west_coast_or_western_india,normal,2851,Pangu,0.7503534555435181,0.7010265588760376,0.7010265588760376,6.573821484136511,6.573821484136511,0.0,0.25582363224789634,0.521786015130853,0.2223903526212508
120,west_coast_or_western_india,monsoon_background,1459,Pangu,0.6966707706451416,0.6982877254486084,0.6982877254486084,-0.23209740835967718,-0.23209740835967718,0.0,0.23147159703061,0.5472247132935641,0.22130368967582584
120,west_coast_or_western_india,monsoon_transition_high_disagreement,5,IFS ENS Mean,1.374851942062378,1.0158571004867554,1.0158571004867554,26.11152740105994,26.11152740105994,0.0,0.1899842733950842,0.238073733530524,0.5719419930743919
120,west_coast_or_western_india,post_monsoon_disturbed,5,Pangu,0.6963560581207275,0.6972067356109619,0.6972067356109619,-0.12216128233739632,-0.12216128233739632,0.0,0.00018485690452170985,0.9995526304817395,0.00026251261373897567
120,east_coast_or_bay,normal,1428,Pangu,0.6094223856925964,0.5285127758979797,0.5285127758979797,13.27644203661218,13.27644203661218,0.0,0.2979448242440406,0.4197339751512791,0.2823212006046803
120,east_coast_or_bay,monsoon_background,731,Pangu,0.5401782393455505,0.4908217489719391,0.4908217489719391,9.137074909461173,9.137074909461173,0.0,0.29867116210570804,0.3946978480819566,0.3066309898123354
120,east_coast_or_bay,monsoon_transition_high_disagreement,1,Pangu,0.91595458984375,1.188070297241211,1.188070297241211,-29.708427733724264,-29.708427733724264,0.0,0.2205837885930413,0.11937856310851223,0.6600376482984464
120,northeast_or_east,normal,3804,Pangu,0.6995760202407837,0.684536337852478,0.684536337852478,2.1498281749464776,2.1498281749464776,0.0,0.26099016910620254,0.49328269466574576,0.24572713622805173
120,northeast_or_east,monsoon_background,1949,Pangu,0.6270657181739807,0.6188669800758362,0.6188669800758362,1.3074766903251045,1.3074766903251045,0.0,0.23964642789445795,0.49586170186465167,0.2644918702408903
120,northeast_or_east,monsoon_transition_high_disagreement,3,Pangu,0.8471111059188843,0.8463600277900696,0.8463600277900696,0.08866347325242607,0.08866347325242607,0.0,0.0009543679075987545,0.9980639106800758,0.0009817214123255017
120,northeast_or_east,post_monsoon_disturbed,4,Pangu,1.0070281028747559,0.9855350852012634,0.9855350852012634,2.1343016756073085,2.1343016756073085,0.0,0.008325820114886055,0.9903214178075901,0.0013527620775238408
120,northwest_or_gangetic,normal,1373,Pangu,1.085185170173645,1.0616989135742188,1.085185170173645,2.164262583469334,0.0,100.0,0.17357534127941085,0.6994311649712938,0.1269934937492954
120,northwest_or_gangetic,monsoon_background,711,Pangu,1.138782262802124,1.0840517282485962,1.0840517282485962,4.806057869118552,4.806057869118552,0.0,0.21211084005048822,0.6038368391599228,0.184052320789589
120,northwest_or_gangetic,monsoon_transition_high_disagreement,21,IFS ENS Mean,1.5597041845321655,1.2345292568206787,1.2345292568206787,20.848500051246788,20.848500051246788,0.0,0.13359321064064056,0.5565437552052126,0.3098630341541468
120,northwest_or_gangetic,pre_monsoon_heat,22,HRES,0.8090763092041016,0.9193799495697021,0.9193799495697021,-13.633280212358168,-13.633280212358168,0.0,0.25313297694066006,0.5984545788409623,0.14841244421837754
120,northwest_or_gangetic,post_monsoon_disturbed,33,Pangu,0.7360498309135437,0.7251906394958496,0.7251906394958496,1.4753337289971635,1.4753337289971635,0.0,0.0014540169980779179,0.9969058806829802,0.00164010231894178
120,himalayan_north,normal,4501,Pangu,1.4521708488464355,1.298227071762085,1.298227071762085,10.600941150047138,10.600941150047138,0.0,0.21265660294897246,0.5720405403497187,0.21530285670130875
120,himalayan_north,monsoon_background,2258,Pangu,1.0820728540420532,1.0118277072906494,1.0118277072906494,6.491720634983588,6.491720634983588,0.0,0.26456575733874504,0.5442192516978057,0.19121499096344927
120,himalayan_north,monsoon_transition_high_disagreement,182,Pangu,1.6740728616714478,1.2297048568725586,1.2297048568725586,26.54412570521082,26.54412570521082,0.0,0.29924148000997247,0.5843317314393238,0.11642678855070372
120,himalayan_north,pre_monsoon_heat,6,Pangu,0.8832321763038635,0.9778590202331543,0.9778590202331543,-10.713699802614052,-10.713699802614052,0.0,0.17238413346562342,0.6259401510182035,0.20167571551617294
120,himalayan_north,post_monsoon_disturbed,253,IFS ENS Mean,1.7932538986206055,1.4369221925735474,1.4369221925735474,19.87067789570418,19.87067789570418,0.0,0.1538866095771652,0.3322721725215634,0.5138412179012716
168,west_coast_or_western_india,normal,2829,Pangu,0.974332332611084,0.8279559016227722,0.8279559016227722,15.023255011566938,15.023255011566938,0.0,0.2902754776691592,0.45342512083402037,0.25629940149682046
168,west_coast_or_western_india,monsoon_background,1447,Pangu,0.8530272841453552,0.8220130205154419,0.8220130205154419,3.6357879995581155,3.6357879995581155,0.0,0.2764053145676109,0.4566806192922014,0.2669140661401877
168,west_coast_or_western_india,monsoon_transition_high_disagreement,17,IFS ENS Mean,1.5771348476409912,1.398558497428894,1.398558497428894,11.32283333154447,11.32283333154447,0.0,0.12414493387792369,0.2618204377196087,0.6140346284024676
168,west_coast_or_western_india,post_monsoon_disturbed,3,Pangu,2.205665349960327,2.2079267501831055,2.2079267501831055,-0.1025268961503567,-0.1025268961503567,0.0,0.001075048910710234,0.9981546626280909,0.000770288461198815
168,east_coast_or_bay,normal,1416,Pangu,0.7750822305679321,0.5977261066436768,0.5977261066436768,22.88223325598625,22.88223325598625,0.0,0.3213510870227713,0.36840675907883336,0.3102421538983954
168,east_coast_or_bay,monsoon_background,728,Pangu,0.6540166735649109,0.5604749321937561,0.5604749321937561,14.30265391572938,14.30265391572938,0.0,0.3200623204371109,0.34455750780352173,0.3353801717593674
168,east_coast_or_bay,monsoon_transition_high_disagreement,4,HRES,0.48144567012786865,0.7603268027305603,0.7603268027305603,-57.925774372136885,-57.925774372136885,0.0,0.14044850276293175,0.1738705119784109,0.6856809852586574
168,northeast_or_east,normal,3771,Pangu,0.8270600438117981,0.7764193415641785,0.7764193415641785,6.122977724111067,6.122977724111067,0.0,0.2802730506221122,0.4511873229477853,0.2685396264301025
168,northeast_or_east,monsoon_background,1946,Pangu,0.7689122557640076,0.734198808670044,0.734198808670044,4.514617478618755,4.514617478618755,0.0,0.26299195832024136,0.4449567297018671,0.2920513119778915
168,northeast_or_east,monsoon_transition_high_disagreement,6,Pangu,0.3421255648136139,0.3332400619983673,0.3332400619983673,2.5971466996590253,2.5971466996590253,0.0,0.0023444064963046678,0.9946678949713865,0.002987698532308771
168,northeast_or_east,post_monsoon_disturbed,5,Pangu,0.51027512550354,0.4905802011489868,0.4905802011489868,3.8596677302500826,3.8596677302500826,0.0,0.00687157864135199,0.9910267597020995,0.0021016616565483633
168,northwest_or_gangetic,normal,1352,Pangu,1.4759074449539185,1.4078021049499512,1.4078021049499512,4.6144722852925035,4.6144722852925035,0.0,0.19946161956455255,0.6503498343729349,0.15018854606251258
168,northwest_or_gangetic,monsoon_background,688,Pangu,1.3401936292648315,1.2207396030426025,1.2207396030426025,8.913191617524397,8.913191617524397,0.0,0.26554756293533344,0.5049816678074259,0.22947076925724053
168,northwest_or_gangetic,monsoon_transition_high_disagreement,44,IFS ENS Mean,1.920069694519043,1.5003538131713867,1.5003538131713867,21.859408673849757,21.859408673849757,0.0,0.15391975071770403,0.3490816459191178,0.49699860336317825
168,northwest_or_gangetic,pre_monsoon_heat,15,HRES,0.7226561307907104,1.0693193674087524,1.0693193674087524,-47.97070443984646,-47.97070443984646,0.0,0.3112352499895577,0.4561357466461733,0.23262900336426903
168,northwest_or_gangetic,post_monsoon_disturbed,49,Pangu,1.2475855350494385,1.1294180154800415,1.1294180154800415,9.471696829565623,9.471696829565623,0.0,0.01300201678226196,0.9715630616635795,0.015434921554158603
168,himalayan_north,normal,4341,Pangu,1.858532428741455,1.6392959356307983,1.6392959356307983,11.796215644142272,11.796215644142272,0.0,0.24664179275276799,0.4974303123197154,0.25592789492751666
168,himalayan_north,monsoon_background,2152,Pangu,1.3280998468399048,1.2123290300369263,1.2123290300369263,8.71702659091821,8.71702659091821,0.0,0.28759818295342826,0.4950756443536644,0.21732617269290738
168,himalayan_north,monsoon_transition_high_disagreement,288,IFS ENS Mean,1.8945608139038086,1.510961651802063,1.510961651802063,20.247392392294138,20.247392392294138,0.0,0.2847613805407645,0.5050780958525637,0.21016052360667184
168,himalayan_north,pre_monsoon_heat,5,Pangu,1.0569795370101929,1.4980199337005615,1.4980199337005615,-41.72648393344587,-41.72648393344587,0.0,0.16533804305070335,0.681050570942701,0.15361138600659557
168,himalayan_north,post_monsoon_disturbed,374,IFS ENS Mean,1.923596978187561,1.8856604099273682,1.8856604099273682,1.9721682187262113,1.9721682187262113,0.0,0.19190307444742435,0.2069222155482816,0.6011747100042941
