lead_hours,region_zone,regime,n,best_individual_test,adaptive_rmse_test,issued_rmse_test,fallback_rate_pct
24,East_Coast_Bay_of_Bengal,monsoon_background,1464,Pangu,0.8367700314073474,0.8367700314073474,0.0
24,East_Coast_Bay_of_Bengal,normal,1080,Pangu,0.8856168083063246,0.8856168083063246,0.0
24,East_Coast_Bay_of_Bengal,post_monsoon_disturbed,732,Pangu,0.9210775556183014,0.9210775556183014,0.0
24,East_Coast_Bay_of_Bengal,pre_monsoon_heat,1104,Pangu,0.842771270549628,0.842771270549628,0.0
24,Northeast_India,monsoon_background,976,Pangu,0.8950193510502682,0.8950193510502682,0.0
24,Northeast_India,normal,720,Pangu,0.8484573346793326,0.8484573346793326,0.0
24,Northeast_India,post_monsoon_disturbed,488,Pangu,0.8496776964466884,0.8496776964466884,0.0
24,Northeast_India,pre_monsoon_heat,736,Pangu,0.8499407863363808,0.8499407863363808,0.0
24,Northwest_India,monsoon_background,1952,Pangu,0.817444000988248,0.817444000988248,0.0
24,Northwest_India,normal,1440,Pangu,0.8268860107571631,0.8268860107571631,0.0
24,Northwest_India,post_monsoon_disturbed,976,Pangu,0.8279921214935132,0.8279921214935132,0.0
24,Northwest_India,pre_monsoon_heat,1472,Pangu,0.8675822167822163,0.8675822167822163,0.0
24,West_Coast_Arabian_Sea,monsoon_background,1464,Pangu,0.8502222205310508,0.8502222205310508,0.0
24,West_Coast_Arabian_Sea,normal,1080,Pangu,0.8532752530701803,0.8532752530701803,0.0
24,West_Coast_Arabian_Sea,post_monsoon_disturbed,732,Pangu,0.802657982352641,0.802657982352641,0.0
24,West_Coast_Arabian_Sea,pre_monsoon_heat,1104,Pangu,0.8529210315253098,0.8529210315253098,0.0
72,East_Coast_Bay_of_Bengal,monsoon_background,1464,Pangu,0.8364404996358861,0.8364404996358861,0.0
72,East_Coast_Bay_of_Bengal,normal,1080,Pangu,0.842802478881908,0.842802478881908,0.0
72,East_Coast_Bay_of_Bengal,post_monsoon_disturbed,732,Pangu,0.8614932725406799,0.8614932725406799,0.0
72,East_Coast_Bay_of_Bengal,pre_monsoon_heat,1104,Pangu,0.881229267047524,0.881229267047524,0.0
72,Northeast_India,monsoon_background,976,Pangu,0.8389396738336705,0.8389396738336705,0.0
72,Northeast_India,normal,720,Pangu,0.8118275654876337,0.8118275654876337,0.0
72,Northeast_India,post_monsoon_disturbed,488,Pangu,0.8919548805955703,0.8919548805955703,0.0
72,Northeast_India,pre_monsoon_heat,736,Pangu,0.8135647006053653,0.8135647006053653,0.0
72,Northwest_India,monsoon_background,1952,Pangu,0.8799301160456302,0.8799301160456302,0.0
72,Northwest_India,normal,1440,Pangu,0.8599735752869705,0.8599735752869705,0.0
72,Northwest_India,post_monsoon_disturbed,976,Pangu,0.8601124185116777,0.8601124185116777,0.0
72,Northwest_India,pre_monsoon_heat,1472,Pangu,0.805653790140267,0.805653790140267,0.0
72,West_Coast_Arabian_Sea,monsoon_background,1464,Pangu,0.7974255433200165,0.7974255433200165,0.0
72,West_Coast_Arabian_Sea,normal,1080,Pangu,0.8486469371408182,0.8486469371408182,0.0
72,West_Coast_Arabian_Sea,post_monsoon_disturbed,732,Pangu,0.8621082727423011,0.8621082727423011,0.0
72,West_Coast_Arabian_Sea,pre_monsoon_heat,1104,Pangu,0.824316902171651,0.824316902171651,0.0
120,East_Coast_Bay_of_Bengal,monsoon_background,1464,Pangu,0.8140041422015546,0.8140041422015546,0.0
120,East_Coast_Bay_of_Bengal,normal,1080,Pangu,0.8458003506742974,0.8458003506742974,0.0
120,East_Coast_Bay_of_Bengal,post_monsoon_disturbed,732,Pangu,0.851846347267775,0.851846347267775,0.0
120,East_Coast_Bay_of_Bengal,pre_monsoon_heat,1104,Pangu,0.849781314647779,0.849781314647779,0.0
120,Northeast_India,monsoon_background,976,Pangu,0.8732589279408302,0.8732589279408302,0.0
120,Northeast_India,normal,720,Pangu,0.8167445551755621,0.8167445551755621,0.0
120,Northeast_India,post_monsoon_disturbed,488,Pangu,0.7806269321429817,0.7806269321429817,0.0
120,Northeast_India,pre_monsoon_heat,736,Pangu,0.8641532867298867,0.8641532867298867,0.0
120,Northwest_India,monsoon_background,1952,Pangu,0.8404387306111443,0.8404387306111443,0.0
120,Northwest_India,normal,1440,Pangu,0.8321393639690481,0.8321393639690481,0.0
120,Northwest_India,post_monsoon_disturbed,976,Pangu,0.8177260662893546,0.8177260662893546,0.0
120,Northwest_India,pre_monsoon_heat,1472,Pangu,0.8259346680417831,0.8259346680417831,0.0
120,West_Coast_Arabian_Sea,monsoon_background,1464,Pangu,0.8088643941050935,0.8088643941050935,0.0
120,West_Coast_Arabian_Sea,normal,1080,Pangu,0.8563306631919189,0.8563306631919189,0.0
120,West_Coast_Arabian_Sea,post_monsoon_disturbed,732,Pangu,0.7994282922177225,0.7994282922177225,0.0
120,West_Coast_Arabian_Sea,pre_monsoon_heat,1104,Pangu,0.9221067135040801,0.9221067135040801,0.0
168,East_Coast_Bay_of_Bengal,monsoon_background,1464,Pangu,0.8119070457425805,0.8119070457425805,0.0
168,East_Coast_Bay_of_Bengal,normal,1080,Pangu,0.8432770506554264,0.8432770506554264,0.0
168,East_Coast_Bay_of_Bengal,post_monsoon_disturbed,732,Pangu,0.8807239611307701,0.8807239611307701,0.0
168,East_Coast_Bay_of_Bengal,pre_monsoon_heat,1104,Pangu,0.8558139400225527,0.8558139400225527,0.0
168,Northeast_India,monsoon_background,976,Pangu,0.896577078223468,0.896577078223468,0.0
168,Northeast_India,normal,720,Pangu,0.8030376892838392,0.8030376892838392,0.0
168,Northeast_India,post_monsoon_disturbed,488,Pangu,0.8872575881620504,0.8872575881620504,0.0
168,Northeast_India,pre_monsoon_heat,736,Pangu,0.8611335611884549,0.8611335611884549,0.0
168,Northwest_India,monsoon_background,1952,Pangu,0.8687728526332866,0.8687728526332866,0.0
168,Northwest_India,normal,1440,Pangu,0.8406725079443355,0.8406725079443355,0.0
168,Northwest_India,post_monsoon_disturbed,976,Pangu,0.812797505949966,0.812797505949966,0.0
168,Northwest_India,pre_monsoon_heat,1472,Pangu,0.8252072326058051,0.8252072326058051,0.0
168,West_Coast_Arabian_Sea,monsoon_background,1464,Pangu,0.8286560720828658,0.8286560720828658,0.0
168,West_Coast_Arabian_Sea,normal,1080,Pangu,0.8739613175790741,0.8739613175790741,0.0
168,West_Coast_Arabian_Sea,post_monsoon_disturbed,732,Pangu,0.890080440118484,0.890080440118484,0.0
168,West_Coast_Arabian_Sea,pre_monsoon_heat,1104,Pangu,0.8738675420010146,0.8738675420010146,0.0
